LOCATION,ZIPCODE,REPORTED_DATE,WIND_AVG,PRECIPITATION,SNOW,SNOWDEPTH,TEMP_MAX,TEMP_MIN
NEWARK-NJ-LIBERTY-AIRPORT,07114,2019-01-01,15,0.08,0.0,0.0,56,39
NEWARK-NJ-LIBERTY-AIRPORT,07114,2019-01-02,7,0.0,0.0,0.0,41,35
NEWARK-NJ-LIBERTY-AIRPORT,07114,2019-01-03,10,0.0,0.0,0.0,50,36
NEWARK-NJ-LIBERTY-AIRPORT,07114,2019-01-04,7,0.0,0.0,0.0,42,27
NEWARK-NJ-LIBERTY-AIRPORT,07114,2019-01-05,12,0.72,0.0,0.0,55,48
NEWARK-NJ-LIBERTY-AIRPORT,07114,2019-01-06,17,0.0,0.0,0.0,58,35
NEWARK-NJ-LIBERTY-AIRPORT,07114,2019-01-07,10,0.0,0.0,0.0,34,25
NEWARK-NJ-LIBERTY-AIRPORT,07114,2019-01-08,2,0.14,0.0,0.0,40,31
NEWARK-NJ-LIBERTY-AIRPORT,07114,2019-01-09,16,0.04,0.0,0.0,40,30
NEWARK-NJ-LIBERTY-AIRPORT,07114,2019-01-10,20,0.0,0.0,0.0,35,28
NEWARK-NJ-LIBERTY-AIRPORT,07114,2019-01-11,18,0.0,0.0,0.0,39,25
NEWARK-NJ-LIBERTY-AIRPORT,07114,2019-01-12,6,0.0,0.0,0.0,35,20
NEWARK-NJ-LIBERTY-AIRPORT,07114,2019-01-13,12,0.0,0.11,0.0,36,25
NEWARK-NJ-LIBERTY-AIRPORT,07114,2019-01-14,12,0.0,0.0,0.0,39,23
NEWARK-NJ-LIBERTY-AIRPORT,07114,2019-01-15,5,0.0,0.0,0.0,32,17
NEWARK-NJ-LIBERTY-AIRPORT,07114,2019-01-16,10,0.0,0.0,0.0,38,23
NEWARK-NJ-LIBERTY-AIRPORT,07114,2019-01-17,7,0.0,0.0,0.0,30,21
NEWARK-NJ-LIBERTY-AIRPORT,07114,2019-01-18,8,0.02,0.34,0.0,43,31
NEWARK-NJ-LIBERTY-AIRPORT,07114,2019-01-19,7,0.42,0.0,0.0,36,26
NEWARK-NJ-LIBERTY-AIRPORT,07114,2019-01-20,13,0.87,0.0,0.0,33,11
NEWARK-NJ-LIBERTY-AIRPORT,07114,2019-01-21,26,0.0,0.0,0.0,17,5
NEWARK-NJ-LIBERTY-AIRPORT,07114,2019-01-22,10,0.0,0.0,0.0,36,15
NEWARK-NJ-LIBERTY-AIRPORT,07114,2019-01-23,6,0.0,0.0,0.0,46,25
NEWARK-NJ-LIBERTY-AIRPORT,07114,2019-01-24,17,1.03,0.0,0.0,62,37
NEWARK-NJ-LIBERTY-AIRPORT,07114,2019-01-25,15,0.0,0.0,0.0,44,30
NEWARK-NJ-LIBERTY-AIRPORT,07114,2019-01-26,7,0.0,0.0,0.0,37,21
NEWARK-NJ-LIBERTY-AIRPORT,07114,2019-01-27,12,0.0,0.0,0.0,61,31
NEWARK-NJ-LIBERTY-AIRPORT,07114,2019-01-28,10,0.0,0.0,0.0,34,20
NEWARK-NJ-LIBERTY-AIRPORT,07114,2019-01-29,7,0.18,0.1,0.0,41,19
NEWARK-NJ-LIBERTY-AIRPORT,07114,2019-01-30,17,0.19,0.38,0.0,32,5
NEWARK-NJ-LIBERTY-AIRPORT,07114,2019-01-31,14,0.0,0.0,0.0,18,2
NEWARK-NJ-LIBERTY-AIRPORT,07114,2019-02-01,7,0.0,0.0,0.0,24,11
NEWARK-NJ-LIBERTY-AIRPORT,07114,2019-02-02,11,0.0,0.0,0.0,34,14
NEWARK-NJ-LIBERTY-AIRPORT,07114,2019-02-03,6,0.0,0.0,0.0,47,21
NEWARK-NJ-LIBERTY-AIRPORT,07114,2019-02-04,3,0.0,0.0,0.0,55,29
NEWARK-NJ-LIBERTY-AIRPORT,07114,2019-02-05,5,0.0,0.0,0.0,54,30
NEWARK-NJ-LIBERTY-AIRPORT,07114,2019-02-06,9,0.64,0.0,0.0,56,41
NEWARK-NJ-LIBERTY-AIRPORT,07114,2019-02-07,7,0.07,0.0,0.0,43,37
NEWARK-NJ-LIBERTY-AIRPORT,07114,2019-02-08,15,0.47,0.0,0.0,58,33
NEWARK-NJ-LIBERTY-AIRPORT,07114,2019-02-09,14,0.0,0.0,0.0,27,19
NEWARK-NJ-LIBERTY-AIRPORT,07114,2019-02-10,9,0.0,0.0,0.0,44,26
NEWARK-NJ-LIBERTY-AIRPORT,07114,2019-02-11,6,0.0,0.0,0.0,31,24
NEWARK-NJ-LIBERTY-AIRPORT,07114,2019-02-12,13,0.95,2.22,0.0,42,30
NEWARK-NJ-LIBERTY-AIRPORT,07114,2019-02-13,15,0.06,0.0,1.18,41,32
NEWARK-NJ-LIBERTY-AIRPORT,07114,2019-02-14,10,0.0,0.0,0.0,39,27
NEWARK-NJ-LIBERTY-AIRPORT,07114,2019-02-15,7,0.0,0.0,0.0,54,34
NEWARK-NJ-LIBERTY-AIRPORT,07114,2019-02-16,15,0.0,0.0,0.0,55,35
NEWARK-NJ-LIBERTY-AIRPORT,07114,2019-02-17,8,0.05,0.0,0.0,38,23
NEWARK-NJ-LIBERTY-AIRPORT,07114,2019-02-18,11,0.08,0.0,0.0,39,23
NEWARK-NJ-LIBERTY-AIRPORT,07114,2019-02-19,11,0.0,0.0,0.0,34,21
NEWARK-NJ-LIBERTY-AIRPORT,07114,2019-02-20,6,0.84,2.67,0.0,33,26
NEWARK-NJ-LIBERTY-AIRPORT,07114,2019-02-21,10,0.12,0.0,1.21,53,32
NEWARK-NJ-LIBERTY-AIRPORT,07114,2019-02-22,11,0.0,0.0,0.0,43,34
NEWARK-NJ-LIBERTY-AIRPORT,07114,2019-02-23,6,0.02,0.0,0.0,36,28
NEWARK-NJ-LIBERTY-AIRPORT,07114,2019-02-24,12,0.69,0.0,0.0,40,31
NEWARK-NJ-LIBERTY-AIRPORT,07114,2019-02-25,25,0.0,0.0,0.0,39,25
NEWARK-NJ-LIBERTY-AIRPORT,07114,2019-02-26,19,0.0,0.0,0.0,43,27
NEWARK-NJ-LIBERTY-AIRPORT,07114,2019-02-27,7,0.0,0.0,0.0,27,21
NEWARK-NJ-LIBERTY-AIRPORT,07114,2019-02-28,10,0.02,0.18,0.0,35,25
NEWARK-NJ-LIBERTY-AIRPORT,07114,2019-03-01,7,0.04,0.7,1.04,31,22
NEWARK-NJ-LIBERTY-AIRPORT,07114,2019-03-02,11,0.54,4.73,4.09,43,32
NEWARK-NJ-LIBERTY-AIRPORT,07114,2019-03-03,6,0.67,3.13,1.21,42,32
NEWARK-NJ-LIBERTY-AIRPORT,07114,2019-03-04,14,0.25,1.43,4.29,43,32
NEWARK-NJ-LIBERTY-AIRPORT,07114,2019-03-05,12,0.0,0.0,0.0,31,21
NEWARK-NJ-LIBERTY-AIRPORT,07114,2019-03-06,13,0.0,0.0,0.0,24,16
NEWARK-NJ-LIBERTY-AIRPORT,07114,2019-03-07,12,0.0,0.0,0.0,37,17
NEWARK-NJ-LIBERTY-AIRPORT,07114,2019-03-08,5,0.0,0.0,0.0,44,22
NEWARK-NJ-LIBERTY-AIRPORT,07114,2019-03-09,5,0.0,0.0,0.0,45,30
NEWARK-NJ-LIBERTY-AIRPORT,07114,2019-03-10,9,0.79,0.2,0.0,43,37
NEWARK-NJ-LIBERTY-AIRPORT,07114,2019-03-11,13,0.0,0.0,0.0,47,33
NEWARK-NJ-LIBERTY-AIRPORT,07114,2019-03-12,16,0.0,0.0,0.0,51,39
NEWARK-NJ-LIBERTY-AIRPORT,07114,2019-03-13,5,0.0,0.0,0.0,47,28
NEWARK-NJ-LIBERTY-AIRPORT,07114,2019-03-14,5,0.0,0.0,0.0,46,36
NEWARK-NJ-LIBERTY-AIRPORT,07114,2019-03-15,14,0.58,0.0,0.0,86,50
NEWARK-NJ-LIBERTY-AIRPORT,07114,2019-03-16,16,0.0,0.0,0.0,50,33
NEWARK-NJ-LIBERTY-AIRPORT,07114,2019-03-17,9,0.0,0.0,0.0,43,28
NEWARK-NJ-LIBERTY-AIRPORT,07114,2019-03-18,6,0.0,0.0,0.0,47,30
NEWARK-NJ-LIBERTY-AIRPORT,07114,2019-03-19,6,0.0,0.0,0.0,48,27
NEWARK-NJ-LIBERTY-AIRPORT,07114,2019-03-20,6,0.0,0.0,0.0,49,32
NEWARK-NJ-LIBERTY-AIRPORT,07114,2019-03-21,9,1.0,0.0,0.0,48,42
NEWARK-NJ-LIBERTY-AIRPORT,07114,2019-03-22,22,0.46,0.0,0.0,53,40
NEWARK-NJ-LIBERTY-AIRPORT,07114,2019-03-23,16,0.0,0.0,0.0,40,28
NEWARK-NJ-LIBERTY-AIRPORT,07114,2019-03-24,11,0.0,0.0,0.0,66,33
NEWARK-NJ-LIBERTY-AIRPORT,07114,2019-03-25,11,0.0,0.0,0.0,61,47
NEWARK-NJ-LIBERTY-AIRPORT,07114,2019-03-26,14,0.0,0.0,0.0,49,31
NEWARK-NJ-LIBERTY-AIRPORT,07114,2019-03-27,7,0.0,0.0,0.0,40,26
NEWARK-NJ-LIBERTY-AIRPORT,07114,2019-03-28,5,0.0,0.0,0.0,42,26
NEWARK-NJ-LIBERTY-AIRPORT,07114,2019-03-29,6,0.0,0.0,0.0,58,46
NEWARK-NJ-LIBERTY-AIRPORT,07114,2019-03-30,9,0.0,0.0,0.0,73,52
NEWARK-NJ-LIBERTY-AIRPORT,07114,2019-03-31,13,0.03,0.0,0.0,59,35
NEWARK-NJ-LIBERTY-AIRPORT,07114,2019-04-01,18,0.0,0.0,0.0,56,37
NEWARK-NJ-LIBERTY-AIRPORT,07114,2019-04-02,7,0.0,0.0,0.0,48,34
NEWARK-NJ-LIBERTY-AIRPORT,07114,2019-04-03,15,0.0,0.0,0.0,55,33
NEWARK-NJ-LIBERTY-AIRPORT,07114,2019-04-04,13,0.0,0.0,0.0,58,39
NEWARK-NJ-LIBERTY-AIRPORT,07114,2019-04-05,8,0.15,0.0,0.0,38,35
NEWARK-NJ-LIBERTY-AIRPORT,07114,2019-04-06,9,0.0,0.0,0.0,75,43
NEWARK-NJ-LIBERTY-AIRPORT,07114,2019-04-07,6,0.0,0.0,0.0,61,45
NEWARK-NJ-LIBERTY-AIRPORT,07114,2019-04-08,12,0.29,0.0,0.0,90,57
NEWARK-NJ-LIBERTY-AIRPORT,07114,2019-04-09,7,0.02,0.0,0.0,59,51
NEWARK-NJ-LIBERTY-AIRPORT,07114,2019-04-10,12,0.0,0.0,0.0,54,39
NEWARK-NJ-LIBERTY-AIRPORT,07114,2019-04-11,7,0.0,0.0,0.0,50,36
NEWARK-NJ-LIBERTY-AIRPORT,07114,2019-04-12,7,0.55,0.0,0.0,68,45
NEWARK-NJ-LIBERTY-AIRPORT,07114,2019-04-13,10,0.14,0.0,0.0,67,52
NEWARK-NJ-LIBERTY-AIRPORT,07114,2019-04-14,6,0.02,0.0,0.0,77,60
NEWARK-NJ-LIBERTY-AIRPORT,07114,2019-04-15,20,1.06,0.0,0.0,74,49
NEWARK-NJ-LIBERTY-AIRPORT,07114,2019-04-16,17,0.0,0.0,0.0,76,42
NEWARK-NJ-LIBERTY-AIRPORT,07114,2019-04-17,7,0.0,0.0,0.0,54,44
NEWARK-NJ-LIBERTY-AIRPORT,07114,2019-04-18,9,0.0,0.0,0.0,75,60
NEWARK-NJ-LIBERTY-AIRPORT,07114,2019-04-19,19,0.08,0.0,0.0,95,75
NEWARK-NJ-LIBERTY-AIRPORT,07114,2019-04-20,10,0.53,0.0,0.0,72,55
NEWARK-NJ-LIBERTY-AIRPORT,07114,2019-04-21,8,0.0,0.0,0.0,70,57
NEWARK-NJ-LIBERTY-AIRPORT,07114,2019-04-22,9,0.08,0.0,0.0,58,45
NEWARK-NJ-LIBERTY-AIRPORT,07114,2019-04-23,8,0.01,0.0,0.0,87,62
NEWARK-NJ-LIBERTY-AIRPORT,07114,2019-04-24,12,0.0,0.0,0.0,75,58
NEWARK-NJ-LIBERTY-AIRPORT,07114,2019-04-25,6,0.02,0.0,0.0,60,44
NEWARK-NJ-LIBERTY-AIRPORT,07114,2019-04-26,7,0.66,0.0,0.0,50,42
NEWARK-NJ-LIBERTY-AIRPORT,07114,2019-04-27,17,0.02,0.0,0.0,55,41
NEWARK-NJ-LIBERTY-AIRPORT,07114,2019-04-28,8,0.0,0.0,0.0,50,40
NEWARK-NJ-LIBERTY-AIRPORT,07114,2019-04-29,9,0.01,0.0,0.0,64,40
NEWARK-NJ-LIBERTY-AIRPORT,07114,2019-04-30,4,0.02,0.0,0.0,52,40
NEWARK-NJ-LIBERTY-AIRPORT,07114,2019-05-01,6,0.01,0.0,0.0,51,46
NEWARK-NJ-LIBERTY-AIRPORT,07114,2019-05-02,7,0.15,0.0,0.0,82,54
NEWARK-NJ-LIBERTY-AIRPORT,07114,2019-05-03,4,0.01,0.0,0.0,58,51
NEWARK-NJ-LIBERTY-AIRPORT,07114,2019-05-04,3,0.06,0.0,0.0,60,46
NEWARK-NJ-LIBERTY-AIRPORT,07114,2019-05-05,9,1.36,0.0,0.0,52,46
NEWARK-NJ-LIBERTY-AIRPORT,07114,2019-05-06,6,0.0,0.0,0.0,59,43
NEWARK-NJ-LIBERTY-AIRPORT,07114,2019-05-07,8,0.21,0.0,0.0,88,64
NEWARK-NJ-LIBERTY-AIRPORT,07114,2019-05-08,8,0.0,0.0,0.0,79,62
NEWARK-NJ-LIBERTY-AIRPORT,07114,2019-05-09,8,0.0,0.0,0.0,50,46
NEWARK-NJ-LIBERTY-AIRPORT,07114,2019-05-10,9,0.03,0.0,0.0,81,56
NEWARK-NJ-LIBERTY-AIRPORT,07114,2019-05-11,9,0.03,0.0,0.0,67,54
NEWARK-NJ-LIBERTY-AIRPORT,07114,2019-05-12,11,1.33,0.0,0.0,53,40
NEWARK-NJ-LIBERTY-AIRPORT,07114,2019-05-13,10,0.93,0.0,0.0,56,48
NEWARK-NJ-LIBERTY-AIRPORT,07114,2019-05-14,7,0.32,0.0,0.0,59,50
NEWARK-NJ-LIBERTY-AIRPORT,07114,2019-05-15,9,0.01,0.0,0.0,63,40
NEWARK-NJ-LIBERTY-AIRPORT,07114,2019-05-16,5,0.03,0.0,0.0,62,43
NEWARK-NJ-LIBERTY-AIRPORT,07114,2019-05-17,11,0.02,0.0,0.0,83,58
NEWARK-NJ-LIBERTY-AIRPORT,07114,2019-05-18,8,0.0,0.0,0.0,73,54
NEWARK-NJ-LIBERTY-AIRPORT,07114,2019-05-19,9,0.06,0.0,0.0,83,58
NEWARK-NJ-LIBERTY-AIRPORT,07114,2019-05-20,14,0.0,0.0,0.0,91,69
NEWARK-NJ-LIBERTY-AIRPORT,07114,2019-05-21,15,0.0,0.0,0.0,65,51
NEWARK-NJ-LIBERTY-AIRPORT,07114,2019-05-22,9,0.0,0.0,0.0,86,62
NEWARK-NJ-LIBERTY-AIRPORT,07114,2019-05-23,8,0.46,0.0,0.0,68,50
NEWARK-NJ-LIBERTY-AIRPORT,07114,2019-05-24,15,0.0,0.0,0.0,65,50
NEWARK-NJ-LIBERTY-AIRPORT,07114,2019-05-25,9,0.0,0.0,0.0,63,51
NEWARK-NJ-LIBERTY-AIRPORT,07114,2019-05-26,12,0.23,0.0,0.0,102,69
NEWARK-NJ-LIBERTY-AIRPORT,07114,2019-05-27,9,0.0,0.0,0.0,85,67
NEWARK-NJ-LIBERTY-AIRPORT,07114,2019-05-28,6,0.85,0.0,0.0,84,69
NEWARK-NJ-LIBERTY-AIRPORT,07114,2019-05-29,6,0.51,0.0,0.0,66,51
NEWARK-NJ-LIBERTY-AIRPORT,07114,2019-05-30,6,0.56,0.0,0.0,73,62
NEWARK-NJ-LIBERTY-AIRPORT,07114,2019-05-31,9,0.0,0.0,0.0,94,71
NEWARK-NJ-LIBERTY-AIRPORT,07114,2019-06-01,5,0.0,0.0,0.0,73,58
NEWARK-NJ-LIBERTY-AIRPORT,07114,2019-06-02,10,0.44,0.0,0.0,93,72
NEWARK-NJ-LIBERTY-AIRPORT,07114,2019-06-03,14,0.0,0.0,0.0,81,63
NEWARK-NJ-LIBERTY-AIRPORT,07114,2019-06-04,10,0.0,0.0,0.0,79,56
NEWARK-NJ-LIBERTY-AIRPORT,07114,2019-06-05,10,0.0,0.0,0.0,68,51
NEWARK-NJ-LIBERTY-AIRPORT,07114,2019-06-06,12,0.14,0.0,0.0,97,78
NEWARK-NJ-LIBERTY-AIRPORT,07114,2019-06-07,6,0.0,0.0,0.0,83,67
NEWARK-NJ-LIBERTY-AIRPORT,07114,2019-06-08,9,0.0,0.0,0.0,88,69
NEWARK-NJ-LIBERTY-AIRPORT,07114,2019-06-09,10,0.0,0.0,0.0,81,61
NEWARK-NJ-LIBERTY-AIRPORT,07114,2019-06-10,8,0.88,0.0,0.0,77,67
NEWARK-NJ-LIBERTY-AIRPORT,07114,2019-06-11,14,0.18,0.0,0.0,80,65
NEWARK-NJ-LIBERTY-AIRPORT,07114,2019-06-12,10,0.0,0.0,0.0,84,66
NEWARK-NJ-LIBERTY-AIRPORT,07114,2019-06-13,11,0.77,0.0,0.0,81,68
NEWARK-NJ-LIBERTY-AIRPORT,07114,2019-06-14,15,0.0,0.0,0.0,85,65
NEWARK-NJ-LIBERTY-AIRPORT,07114,2019-06-15,14,0.0,0.0,0.0,101,67
NEWARK-NJ-LIBERTY-AIRPORT,07114,2019-06-16,11,0.0,0.0,0.0,96,78
NEWARK-NJ-LIBERTY-AIRPORT,07114,2019-06-17,4,0.01,0.0,0.0,73,66
NEWARK-NJ-LIBERTY-AIRPORT,07114,2019-06-18,4,1.34,0.0,0.0,83,74
NEWARK-NJ-LIBERTY-AIRPORT,07114,2019-06-19,6,0.16,0.0,0.0,85,80
NEWARK-NJ-LIBERTY-AIRPORT,07114,2019-06-20,6,0.72,0.0,0.0,77,63
NEWARK-NJ-LIBERTY-AIRPORT,07114,2019-06-21,12,0.65,0.0,0.0,79,64
NEWARK-NJ-LIBERTY-AIRPORT,07114,2019-06-22,17,0.0,0.0,0.0,95,71
NEWARK-NJ-LIBERTY-AIRPORT,07114,2019-06-23,11,0.0,0.0,0.0,90,63
NEWARK-NJ-LIBERTY-AIRPORT,07114,2019-06-24,6,0.0,0.0,0.0,87,62
NEWARK-NJ-LIBERTY-AIRPORT,07114,2019-06-25,7,0.68,0.0,0.0,81,65
NEWARK-NJ-LIBERTY-AIRPORT,07114,2019-06-26,9,0.0,0.0,0.0,92,71
NEWARK-NJ-LIBERTY-AIRPORT,07114,2019-06-27,7,0.0,0.0,0.0,91,71
NEWARK-NJ-LIBERTY-AIRPORT,07114,2019-06-28,6,0.0,0.0,0.0,80,63
NEWARK-NJ-LIBERTY-AIRPORT,07114,2019-06-29,11,0.35,0.0,0.0,102,78
NEWARK-NJ-LIBERTY-AIRPORT,07114,2019-06-30,15,0.0,0.0,0.0,84,67
NEWARK-NJ-LIBERTY-AIRPORT,07114,2019-07-01,11,0.0,0.0,0.0,98,73
NEWARK-NJ-LIBERTY-AIRPORT,07114,2019-07-02,9,0.0,0.0,0.0,90,67
NEWARK-NJ-LIBERTY-AIRPORT,07114,2019-07-03,4,0.0,0.0,0.0,73,65
NEWARK-NJ-LIBERTY-AIRPORT,07114,2019-07-04,6,0.0,0.0,0.0,94,78
NEWARK-NJ-LIBERTY-AIRPORT,07114,2019-07-05,7,0.0,0.0,0.0,91,81
NEWARK-NJ-LIBERTY-AIRPORT,07114,2019-07-06,8,0.03,0.0,0.0,89,75
NEWARK-NJ-LIBERTY-AIRPORT,07114,2019-07-07,9,0.0,0.0,0.0,89,73
NEWARK-NJ-LIBERTY-AIRPORT,07114,2019-07-08,5,0.03,0.0,0.0,88,76
NEWARK-NJ-LIBERTY-AIRPORT,07114,2019-07-09,7,0.0,0.0,0.0,87,64
NEWARK-NJ-LIBERTY-AIRPORT,07114,2019-07-10,7,0.0,0.0,0.0,75,58
NEWARK-NJ-LIBERTY-AIRPORT,07114,2019-07-11,9,1.7,0.0,0.0,99,83
NEWARK-NJ-LIBERTY-AIRPORT,07114,2019-07-12,11,0.0,0.0,0.0,88,70
NEWARK-NJ-LIBERTY-AIRPORT,07114,2019-07-13,9,0.0,0.0,0.0,93,74
NEWARK-NJ-LIBERTY-AIRPORT,07114,2019-07-14,13,0.0,0.0,0.0,106,83
NEWARK-NJ-LIBERTY-AIRPORT,07114,2019-07-15,10,0.0,0.0,0.0,102,80
NEWARK-NJ-LIBERTY-AIRPORT,07114,2019-07-16,10,0.0,0.0,0.0,103,80
NEWARK-NJ-LIBERTY-AIRPORT,07114,2019-07-17,10,1.06,0.0,0.0,107,81
NEWARK-NJ-LIBERTY-AIRPORT,07114,2019-07-18,6,0.32,0.0,0.0,81,69
NEWARK-NJ-LIBERTY-AIRPORT,07114,2019-07-19,10,0.0,0.0,0.0,113,86
NEWARK-NJ-LIBERTY-AIRPORT,07114,2019-07-20,11,0.0,0.0,0.0,103,84
NEWARK-NJ-LIBERTY-AIRPORT,07114,2019-07-21,11,0.0,0.0,0.0,89,72
NEWARK-NJ-LIBERTY-AIRPORT,07114,2019-07-22,7,1.8,0.0,0.0,90,74
NEWARK-NJ-LIBERTY-AIRPORT,07114,2019-07-23,8,0.5,0.0,0.0,63,56
NEWARK-NJ-LIBERTY-AIRPORT,07114,2019-07-24,6,0.01,0.0,0.0,73,58
NEWARK-NJ-LIBERTY-AIRPORT,07114,2019-07-25,8,0.0,0.0,0.0,97,77
NEWARK-NJ-LIBERTY-AIRPORT,07114,2019-07-26,6,0.0,0.0,0.0,90,69
NEWARK-NJ-LIBERTY-AIRPORT,07114,2019-07-27,7,0.0,0.0,0.0,105,84
NEWARK-NJ-LIBERTY-AIRPORT,07114,2019-07-28,10,0.0,0.0,0.0,94,72
NEWARK-NJ-LIBERTY-AIRPORT,07114,2019-07-29,8,0.0,0.0,0.0,100,76
NEWARK-NJ-LIBERTY-AIRPORT,07114,2019-07-30,10,0.0,0.0,0.0,105,82
NEWARK-NJ-LIBERTY-AIRPORT,07114,2019-07-31,5,1.47,0.0,0.0,82,64
NEWARK-NJ-LIBERTY-AIRPORT,07114,2019-08-01,5,0.0,0.0,0.0,76,60
NEWARK-NJ-LIBERTY-AIRPORT,07114,2019-08-02,5,0.0,0.0,0.0,71,61
NEWARK-NJ-LIBERTY-AIRPORT,07114,2019-08-03,7,0.25,0.0,0.0,94,78
NEWARK-NJ-LIBERTY-AIRPORT,07114,2019-08-04,8,0.6,0.0,0.0,109,84
NEWARK-NJ-LIBERTY-AIRPORT,07114,2019-08-05,7,0.0,0.0,0.0,82,70
NEWARK-NJ-LIBERTY-AIRPORT,07114,2019-08-06,5,0.26,0.0,0.0,70,61
NEWARK-NJ-LIBERTY-AIRPORT,07114,2019-08-07,8,1.74,0.0,0.0,95,78
NEWARK-NJ-LIBERTY-AIRPORT,07114,2019-08-08,0,0.0,0.0,0.0,90,71
NEWARK-NJ-LIBERTY-AIRPORT,07114,2019-08-09,7,0.0,0.0,0.0,71,56
NEWARK-NJ-LIBERTY-AIRPORT,07114,2019-08-10,12,0.0,0.0,0.0,89,69
NEWARK-NJ-LIBERTY-AIRPORT,07114,2019-08-11,9,0.0,0.0,0.0,96,74
NEWARK-NJ-LIBERTY-AIRPORT,07114,2019-08-12,9,0.0,0.0,0.0,101,74
NEWARK-NJ-LIBERTY-AIRPORT,07114,2019-08-13,6,0.0,0.0,0.0,66,59
NEWARK-NJ-LIBERTY-AIRPORT,07114,2019-08-14,5,1.84,0.0,0.0,92,78
NEWARK-NJ-LIBERTY-AIRPORT,07114,2019-08-15,7,0.0,0.0,0.0,91,79
NEWARK-NJ-LIBERTY-AIRPORT,07114,2019-08-16,7,0.0,0.0,0.0,98,83
NEWARK-NJ-LIBERTY-AIRPORT,07114,2019-08-17,5,0.0,0.0,0.0,86,74
NEWARK-NJ-LIBERTY-AIRPORT,07114,2019-08-18,5,0.0,0.0,0.0,76,62
NEWARK-NJ-LIBERTY-AIRPORT,07114,2019-08-19,7,0.0,0.0,0.0,97,75
NEWARK-NJ-LIBERTY-AIRPORT,07114,2019-08-20,8,0.0,0.0,0.0,99,84
NEWARK-NJ-LIBERTY-AIRPORT,07114,2019-08-21,7,0.52,0.0,0.0,90,75
NEWARK-NJ-LIBERTY-AIRPORT,07114,2019-08-22,9,1.2,0.0,0.0,98,75
NEWARK-NJ-LIBERTY-AIRPORT,07114,2019-08-23,8,0.01,0.0,0.0,84,73
NEWARK-NJ-LIBERTY-AIRPORT,07114,2019-08-24,10,0.0,0.0,0.0,73,59
NEWARK-NJ-LIBERTY-AIRPORT,07114,2019-08-25,11,0.0,0.0,0.0,74,60
NEWARK-NJ-LIBERTY-AIRPORT,07114,2019-08-26,10,0.0,0.0,0.0,76,60
NEWARK-NJ-LIBERTY-AIRPORT,07114,2019-08-27,5,0.0,0.0,0.0,61,49
NEWARK-NJ-LIBERTY-AIRPORT,07114,2019-08-28,6,0.02,0.0,0.0,86,75
NEWARK-NJ-LIBERTY-AIRPORT,07114,2019-08-29,11,0.0,0.0,0.0,88,69
NEWARK-NJ-LIBERTY-AIRPORT,07114,2019-08-30,11,0.0,0.0,0.0,89,61
NEWARK-NJ-LIBERTY-AIRPORT,07114,2019-08-31,8,0.0,0.0,0.0,88,71
NEWARK-NJ-LIBERTY-AIRPORT,07114,2019-09-01,10,0.0,0.0,0.0,82,66
NEWARK-NJ-LIBERTY-AIRPORT,07114,2019-09-02,5,0.96,0.0,0.0,62,57
NEWARK-NJ-LIBERTY-AIRPORT,07114,2019-09-03,7,0.0,0.0,0.0,81,65
NEWARK-NJ-LIBERTY-AIRPORT,07114,2019-09-04,11,0.0,0.0,0.0,97,72
NEWARK-NJ-LIBERTY-AIRPORT,07114,2019-09-05,9,0.0,0.0,0.0,89,76
NEWARK-NJ-LIBERTY-AIRPORT,07114,2019-09-06,13,0.29,0.0,0.0,61,53
NEWARK-NJ-LIBERTY-AIRPORT,07114,2019-09-07,9,0.0,0.0,0.0,66,48
NEWARK-NJ-LIBERTY-AIRPORT,07114,2019-09-08,6,0.0,0.0,0.0,74,54
NEWARK-NJ-LIBERTY-AIRPORT,07114,2019-09-09,8,0.0,0.0,0.0,76,63
NEWARK-NJ-LIBERTY-AIRPORT,07114,2019-09-10,5,0.0,0.0,0.0,66,57
NEWARK-NJ-LIBERTY-AIRPORT,07114,2019-09-11,10,0.0,0.0,0.0,78,58
NEWARK-NJ-LIBERTY-AIRPORT,07114,2019-09-12,12,0.04,0.0,0.0,90,70
NEWARK-NJ-LIBERTY-AIRPORT,07114,2019-09-13,10,0.0,0.0,0.0,63,51
NEWARK-NJ-LIBERTY-AIRPORT,07114,2019-09-14,6,0.0,0.0,0.0,64,54
NEWARK-NJ-LIBERTY-AIRPORT,07114,2019-09-15,7,0.0,0.0,0.0,82,66
NEWARK-NJ-LIBERTY-AIRPORT,07114,2019-09-16,4,0.0,0.0,0.0,86,72
NEWARK-NJ-LIBERTY-AIRPORT,07114,2019-09-17,10,0.0,0.0,0.0,81,61
NEWARK-NJ-LIBERTY-AIRPORT,07114,2019-09-18,8,0.0,0.0,0.0,58,45
NEWARK-NJ-LIBERTY-AIRPORT,07114,2019-09-19,8,0.0,0.0,0.0,79,54
NEWARK-NJ-LIBERTY-AIRPORT,07114,2019-09-20,8,0.0,0.0,0.0,83,52
NEWARK-NJ-LIBERTY-AIRPORT,07114,2019-09-21,4,0.0,0.0,0.0,93,59
NEWARK-NJ-LIBERTY-AIRPORT,07114,2019-09-22,7,0.0,0.0,0.0,80,54
NEWARK-NJ-LIBERTY-AIRPORT,07114,2019-09-23,11,0.05,0.0,0.0,94,71
NEWARK-NJ-LIBERTY-AIRPORT,07114,2019-09-24,11,0.0,0.0,0.0,72,57
NEWARK-NJ-LIBERTY-AIRPORT,07114,2019-09-25,6,0.0,0.0,0.0,77,55
NEWARK-NJ-LIBERTY-AIRPORT,07114,2019-09-26,10,0.0,0.0,0.0,101,70
NEWARK-NJ-LIBERTY-AIRPORT,07114,2019-09-27,6,0.0,0.0,0.0,84,61
NEWARK-NJ-LIBERTY-AIRPORT,07114,2019-09-28,8,0.0,0.0,0.0,85,59
NEWARK-NJ-LIBERTY-AIRPORT,07114,2019-09-29,13,0.0,0.0,0.0,94,74
NEWARK-NJ-LIBERTY-AIRPORT,07114,2019-09-30,11,0.0,0.0,0.0,82,71
NEWARK-NJ-LIBERTY-AIRPORT,07114,2019-10-01,12,0.0,0.0,0.0,91,68
NEWARK-NJ-LIBERTY-AIRPORT,07114,2019-10-02,14,0.6,0.0,0.0,100,70
NEWARK-NJ-LIBERTY-AIRPORT,07114,2019-10-03,11,0.57,0.0,0.0,78,64
NEWARK-NJ-LIBERTY-AIRPORT,07114,2019-10-04,15,0.0,0.0,0.0,71,51
NEWARK-NJ-LIBERTY-AIRPORT,07114,2019-10-05,9,0.0,0.0,0.0,65,47
NEWARK-NJ-LIBERTY-AIRPORT,07114,2019-10-06,8,0.0,0.0,0.0,68,57
NEWARK-NJ-LIBERTY-AIRPORT,07114,2019-10-07,13,0.3,0.0,0.0,82,61
NEWARK-NJ-LIBERTY-AIRPORT,07114,2019-10-08,13,0.03,0.0,0.0,65,58
NEWARK-NJ-LIBERTY-AIRPORT,07114,2019-10-09,14,0.23,0.0,0.0,53,46
NEWARK-NJ-LIBERTY-AIRPORT,07114,2019-10-10,18,0.0,0.0,0.0,77,56
NEWARK-NJ-LIBERTY-AIRPORT,07114,2019-10-11,19,0.0,0.0,0.0,77,64
NEWARK-NJ-LIBERTY-AIRPORT,07114,2019-10-12,8,0.0,0.0,0.0,78,61
NEWARK-NJ-LIBERTY-AIRPORT,07114,2019-10-13,6,0.0,0.0,0.0,67,52
NEWARK-NJ-LIBERTY-AIRPORT,07114,2019-10-14,9,0.0,0.0,0.0,85,66
NEWARK-NJ-LIBERTY-AIRPORT,07114,2019-10-15,5,0.0,0.0,0.0,57,44
NEWARK-NJ-LIBERTY-AIRPORT,07114,2019-10-16,12,2.22,0.0,0.0,69,52
NEWARK-NJ-LIBERTY-AIRPORT,07114,2019-10-17,21,0.0,0.0,0.0,57,48
NEWARK-NJ-LIBERTY-AIRPORT,07114,2019-10-18,16,0.0,0.0,0.0,71,55
NEWARK-NJ-LIBERTY-AIRPORT,07114,2019-10-19,4,0.0,0.0,0.0,53,34
NEWARK-NJ-LIBERTY-AIRPORT,07114,2019-10-20,3,0.55,0.0,0.0,49,37
NEWARK-NJ-LIBERTY-AIRPORT,07114,2019-10-21,6,0.0,0.0,0.0,73,52
NEWARK-NJ-LIBERTY-AIRPORT,07114,2019-10-22,8,0.46,0.0,0.0,58,48
NEWARK-NJ-LIBERTY-AIRPORT,07114,2019-10-23,10,0.01,0.0,0.0,73,54
NEWARK-NJ-LIBERTY-AIRPORT,07114,2019-10-24,7,0.0,0.0,0.0,83,54
NEWARK-NJ-LIBERTY-AIRPORT,07114,2019-10-25,4,0.0,0.0,0.0,64,44
NEWARK-NJ-LIBERTY-AIRPORT,07114,2019-10-26,5,0.01,0.0,0.0,50,40
NEWARK-NJ-LIBERTY-AIRPORT,07114,2019-10-27,11,1.55,0.0,0.0,78,64
NEWARK-NJ-LIBERTY-AIRPORT,07114,2019-10-28,7,0.01,0.0,0.0,68,59
NEWARK-NJ-LIBERTY-AIRPORT,07114,2019-10-29,5,0.13,0.0,0.0,48,44
NEWARK-NJ-LIBERTY-AIRPORT,07114,2019-10-30,6,0.16,0.0,0.0,71,63
NEWARK-NJ-LIBERTY-AIRPORT,07114,2019-10-31,13,0.65,0.0,0.0,81,68
NEWARK-NJ-LIBERTY-AIRPORT,07114,2019-11-01,15,0.02,0.0,0.0,62,43
NEWARK-NJ-LIBERTY-AIRPORT,07114,2019-11-02,7,0.0,0.0,0.0,57,39
NEWARK-NJ-LIBERTY-AIRPORT,07114,2019-11-03,8,0.0,0.0,0.0,48,31
NEWARK-NJ-LIBERTY-AIRPORT,07114,2019-11-04,8,0.0,0.0,0.0,64,39
NEWARK-NJ-LIBERTY-AIRPORT,07114,2019-11-05,6,0.0,0.0,0.0,63,46
NEWARK-NJ-LIBERTY-AIRPORT,07114,2019-11-06,9,0.0,0.0,0.0,63,47
NEWARK-NJ-LIBERTY-AIRPORT,07114,2019-11-07,8,0.07,0.0,0.0,48,33
NEWARK-NJ-LIBERTY-AIRPORT,07114,2019-11-08,16,0.0,0.0,0.0,43,30
NEWARK-NJ-LIBERTY-AIRPORT,07114,2019-11-09,5,0.0,0.0,0.0,43,26
NEWARK-NJ-LIBERTY-AIRPORT,07114,2019-11-10,6,0.0,0.0,0.0,47,29
NEWARK-NJ-LIBERTY-AIRPORT,07114,2019-11-11,4,0.0,0.0,0.0,73,50
NEWARK-NJ-LIBERTY-AIRPORT,07114,2019-11-12,13,0.03,0.0,0.0,52,24
NEWARK-NJ-LIBERTY-AIRPORT,07114,2019-11-13,13,0.0,0.0,0.0,36,22
NEWARK-NJ-LIBERTY-AIRPORT,07114,2019-11-14,7,0.0,0.0,0.0,51,26
NEWARK-NJ-LIBERTY-AIRPORT,07114,2019-11-15,9,0.0,0.0,0.0,54,29
NEWARK-NJ-LIBERTY-AIRPORT,07114,2019-11-16,12,0.0,0.0,0.0,35,24
NEWARK-NJ-LIBERTY-AIRPORT,07114,2019-11-17,18,0.0,0.0,0.0,47,31
NEWARK-NJ-LIBERTY-AIRPORT,07114,2019-11-18,11,0.37,0.0,0.0,45,39
NEWARK-NJ-LIBERTY-AIRPORT,07114,2019-11-19,7,0.18,0.0,0.0,48,40
NEWARK-NJ-LIBERTY-AIRPORT,07114,2019-11-20,11,0.0,0.0,0.0,42,33
NEWARK-NJ-LIBERTY-AIRPORT,07114,2019-11-21,9,0.0,0.0,0.0,57,40
NEWARK-NJ-LIBERTY-AIRPORT,07114,2019-11-22,15,0.08,0.0,0.0,59,43
NEWARK-NJ-LIBERTY-AIRPORT,07114,2019-11-23,6,0.03,0.0,0.0,45,29
NEWARK-NJ-LIBERTY-AIRPORT,07114,2019-11-24,16,0.81,0.0,0.0,51,43
NEWARK-NJ-LIBERTY-AIRPORT,07114,2019-11-25,8,0.0,0.0,0.0,61,40
NEWARK-NJ-LIBERTY-AIRPORT,07114,2019-11-26,5,0.0,0.0,0.0,67,39
NEWARK-NJ-LIBERTY-AIRPORT,07114,2019-11-27,10,0.01,0.0,0.0,69,51
NEWARK-NJ-LIBERTY-AIRPORT,07114,2019-11-28,20,0.0,0.0,0.0,54,37
NEWARK-NJ-LIBERTY-AIRPORT,07114,2019-11-29,12,0.0,0.0,0.0,37,26
NEWARK-NJ-LIBERTY-AIRPORT,07114,2019-11-30,10,0.0,0.0,0.0,54,35
NEWARK-NJ-LIBERTY-AIRPORT,07114,2019-12-01,13,0.66,0.1,0.0,35,27
NEWARK-NJ-LIBERTY-AIRPORT,07114,2019-12-02,17,0.35,2.31,0.0,41,35
NEWARK-NJ-LIBERTY-AIRPORT,07114,2019-12-03,12,0.01,0.27,1.09,35,28
NEWARK-NJ-LIBERTY-AIRPORT,07114,2019-12-04,10,0.0,0.0,0.0,42,32
NEWARK-NJ-LIBERTY-AIRPORT,07114,2019-12-05,14,0.0,0.0,0.0,40,32
NEWARK-NJ-LIBERTY-AIRPORT,07114,2019-12-06,10,0.0,0.0,0.0,42,27
NEWARK-NJ-LIBERTY-AIRPORT,07114,2019-12-07,11,0.0,0.0,0.0,37,25
NEWARK-NJ-LIBERTY-AIRPORT,07114,2019-12-08,5,0.0,0.0,0.0,46,25
NEWARK-NJ-LIBERTY-AIRPORT,07114,2019-12-09,8,1.48,0.0,0.0,54,39
NEWARK-NJ-LIBERTY-AIRPORT,07114,2019-12-10,11,0.09,0.0,0.0,49,34
NEWARK-NJ-LIBERTY-AIRPORT,07114,2019-12-11,10,0.15,0.66,0.0,38,29
NEWARK-NJ-LIBERTY-AIRPORT,07114,2019-12-12,8,0.0,0.0,0.0,42,30
NEWARK-NJ-LIBERTY-AIRPORT,07114,2019-12-13,9,0.88,0.0,0.0,56,34
NEWARK-NJ-LIBERTY-AIRPORT,07114,2019-12-14,15,0.86,0.0,0.0,68,52
NEWARK-NJ-LIBERTY-AIRPORT,07114,2019-12-15,20,0.0,0.0,0.0,54,41
NEWARK-NJ-LIBERTY-AIRPORT,07114,2019-12-16,6,0.18,0.0,0.0,44,39
NEWARK-NJ-LIBERTY-AIRPORT,07114,2019-12-17,13,1.22,0.0,0.0,42,39
NEWARK-NJ-LIBERTY-AIRPORT,07114,2019-12-18,17,0.09,1.12,0.0,41,22
NEWARK-NJ-LIBERTY-AIRPORT,07114,2019-12-19,14,0.0,0.0,1.14,26,15
NEWARK-NJ-LIBERTY-AIRPORT,07114,2019-12-20,9,0.0,0.0,0.0,35,21
NEWARK-NJ-LIBERTY-AIRPORT,07114,2019-12-21,5,0.0,0.0,0.0,32,17
NEWARK-NJ-LIBERTY-AIRPORT,07114,2019-12-22,8,0.0,0.0,0.0,51,24
NEWARK-NJ-LIBERTY-AIRPORT,07114,2019-12-23,10,0.0,0.0,0.0,65,35
NEWARK-NJ-LIBERTY-AIRPORT,07114,2019-12-24,12,0.0,0.0,0.0,55,34
NEWARK-NJ-LIBERTY-AIRPORT,07114,2019-12-25,3,0.0,0.0,0.0,40,23
NEWARK-NJ-LIBERTY-AIRPORT,07114,2019-12-26,7,0.0,0.0,0.0,47,31
NEWARK-NJ-LIBERTY-AIRPORT,07114,2019-12-27,9,0.0,0.0,0.0,58,48
NEWARK-NJ-LIBERTY-AIRPORT,07114,2019-12-28,6,0.0,0.0,0.0,48,34
NEWARK-NJ-LIBERTY-AIRPORT,07114,2019-12-29,6,0.37,0.0,0.0,52,40
NEWARK-NJ-LIBERTY-AIRPORT,07114,2019-12-30,11,0.54,0.0,0.0,36,31
NEWARK-NJ-LIBERTY-AIRPORT,07114,2019-12-31,8,0.0,0.0,0.0,37,30
NEWARK-NJ-LIBERTY-AIRPORT,07114,2020-01-01,14,0.0,0.0,0.0,42,30
NEWARK-NJ-LIBERTY-AIRPORT,07114,2020-01-02,8,0.0,0.0,0.0,55,28
NEWARK-NJ-LIBERTY-AIRPORT,07114,2020-01-03,5,0.09,0.0,0.0,39,36
NEWARK-NJ-LIBERTY-AIRPORT,07114,2020-01-04,6,0.21,0.0,0.0,51,41
NEWARK-NJ-LIBERTY-AIRPORT,07114,2020-01-05,17,0.0,0.0,0.0,47,36
NEWARK-NJ-LIBERTY-AIRPORT,07114,2020-01-06,9,0.03,0.76,1.01,39,26
NEWARK-NJ-LIBERTY-AIRPORT,07114,2020-01-07,8,0.0,0.0,0.0,48,36
NEWARK-NJ-LIBERTY-AIRPORT,07114,2020-01-08,17,0.0,0.0,0.0,44,27
NEWARK-NJ-LIBERTY-AIRPORT,07114,2020-01-09,9,0.0,0.0,0.0,36,24
NEWARK-NJ-LIBERTY-AIRPORT,07114,2020-01-10,8,0.0,0.0,0.0,51,28
NEWARK-NJ-LIBERTY-AIRPORT,07114,2020-01-11,12,0.0,0.0,0.0,68,47
NEWARK-NJ-LIBERTY-AIRPORT,07114,2020-01-12,16,0.03,0.0,0.0,57,36
NEWARK-NJ-LIBERTY-AIRPORT,07114,2020-01-13,6,0.0,0.0,0.0,43,33
NEWARK-NJ-LIBERTY-AIRPORT,07114,2020-01-14,4,0.02,0.0,0.0,42,33
NEWARK-NJ-LIBERTY-AIRPORT,07114,2020-01-15,6,0.0,0.0,0.0,49,38
NEWARK-NJ-LIBERTY-AIRPORT,07114,2020-01-16,19,0.06,0.0,0.0,56,38
NEWARK-NJ-LIBERTY-AIRPORT,07114,2020-01-17,19,0.0,0.0,0.0,38,24
NEWARK-NJ-LIBERTY-AIRPORT,07114,2020-01-18,9,0.36,2.11,0.0,42,23
NEWARK-NJ-LIBERTY-AIRPORT,07114,2020-01-19,14,0.0,0.0,0.0,41,25
NEWARK-NJ-LIBERTY-AIRPORT,07114,2020-01-20,16,0.0,0.0,0.0,35,22
NEWARK-NJ-LIBERTY-AIRPORT,07114,2020-01-21,8,0.0,0.0,0.0,31,18
NEWARK-NJ-LIBERTY-AIRPORT,07114,2020-01-22,4,0.0,0.0,0.0,45,24
NEWARK-NJ-LIBERTY-AIRPORT,07114,2020-01-23,3,0.0,0.0,0.0,47,24
NEWARK-NJ-LIBERTY-AIRPORT,07114,2020-01-24,5,0.0,0.0,0.0,55,34
NEWARK-NJ-LIBERTY-AIRPORT,07114,2020-01-25,9,0.7,0.0,0.0,42,31
NEWARK-NJ-LIBERTY-AIRPORT,07114,2020-01-26,11,0.0,0.0,0.0,48,34
NEWARK-NJ-LIBERTY-AIRPORT,07114,2020-01-27,11,0.0,0.0,0.0,41,28
NEWARK-NJ-LIBERTY-AIRPORT,07114,2020-01-28,13,0.0,0.0,0.0,38,31
NEWARK-NJ-LIBERTY-AIRPORT,07114,2020-01-29,15,0.0,0.0,0.0,48,31
NEWARK-NJ-LIBERTY-AIRPORT,07114,2020-01-30,7,0.0,0.0,0.0,40,25
NEWARK-NJ-LIBERTY-AIRPORT,07114,2020-01-31,6,0.02,0.0,0.0,52,34
NEWARK-NJ-LIBERTY-AIRPORT,07114,2020-02-01,5,0.0,0.0,0.0,47,38
NEWARK-NJ-LIBERTY-AIRPORT,07114,2020-02-02,7,0.08,0.0,0.0,37,29
NEWARK-NJ-LIBERTY-AIRPORT,07114,2020-02-03,6,0.0,0.0,0.0,56,34
NEWARK-NJ-LIBERTY-AIRPORT,07114,2020-02-04,4,0.0,0.0,0.0,55,38
NEWARK-NJ-LIBERTY-AIRPORT,07114,2020-02-05,12,0.02,0.0,0.0,64,48
NEWARK-NJ-LIBERTY-AIRPORT,07114,2020-02-06,7,0.64,0.0,0.0,43,37
NEWARK-NJ-LIBERTY-AIRPORT,07114,2020-02-07,15,0.27,0.0,0.0,57,31
NEWARK-NJ-LIBERTY-AIRPORT,07114,2020-02-08,10,0.0,0.0,0.0,36,24
NEWARK-NJ-LIBERTY-AIRPORT,07114,2020-02-09,7,0.0,0.0,0.0,46,28
NEWARK-NJ-LIBERTY-AIRPORT,07114,2020-02-10,12,0.42,0.0,0.0,56,49
NEWARK-NJ-LIBERTY-AIRPORT,07114,2020-02-11,5,0.24,0.0,0.0,41,36
NEWARK-NJ-LIBERTY-AIRPORT,07114,2020-02-12,8,0.15,0.0,0.0,38,29
NEWARK-NJ-LIBERTY-AIRPORT,07114,2020-02-13,5,0.26,0.0,0.0,43,35
NEWARK-NJ-LIBERTY-AIRPORT,07114,2020-02-14,17,0.0,0.0,0.0,43,19
NEWARK-NJ-LIBERTY-AIRPORT,07114,2020-02-15,7,0.0,0.0,0.0,26,10
NEWARK-NJ-LIBERTY-AIRPORT,07114,2020-02-16,7,0.0,0.0,0.0,55,33
NEWARK-NJ-LIBERTY-AIRPORT,07114,2020-02-17,4,0.0,0.0,0.0,44,28
NEWARK-NJ-LIBERTY-AIRPORT,07114,2020-02-18,8,0.0,0.0,0.0,58,46
NEWARK-NJ-LIBERTY-AIRPORT,07114,2020-02-19,15,0.0,0.0,0.0,57,36
NEWARK-NJ-LIBERTY-AIRPORT,07114,2020-02-20,9,0.0,0.0,0.0,30,20
NEWARK-NJ-LIBERTY-AIRPORT,07114,2020-02-21,12,0.0,0.0,0.0,39,21
NEWARK-NJ-LIBERTY-AIRPORT,07114,2020-02-22,10,0.0,0.0,0.0,48,23
NEWARK-NJ-LIBERTY-AIRPORT,07114,2020-02-23,8,0.0,0.0,0.0,55,27
NEWARK-NJ-LIBERTY-AIRPORT,07114,2020-02-24,4,0.0,0.0,0.0,51,29
NEWARK-NJ-LIBERTY-AIRPORT,07114,2020-02-25,5,0.19,0.0,0.0,61,55
NEWARK-NJ-LIBERTY-AIRPORT,07114,2020-02-26,8,0.01,0.0,0.0,54,50
NEWARK-NJ-LIBERTY-AIRPORT,07114,2020-02-27,23,0.34,0.0,0.0,50,33
NEWARK-NJ-LIBERTY-AIRPORT,07114,2020-02-28,17,0.0,0.0,0.0,40,27
NEWARK-NJ-LIBERTY-AIRPORT,07114,2020-02-29,14,0.0,0.0,0.0,34,24
NEWARK-NJ-LIBERTY-AIRPORT,07114,2020-03-01,9,0.0,0.0,0.0,40,21
NEWARK-NJ-LIBERTY-AIRPORT,07114,2020-03-02,11,0.0,0.0,0.0,71,38
NEWARK-NJ-LIBERTY-AIRPORT,07114,2020-03-03,7,0.21,0.0,0.0,51,41
NEWARK-NJ-LIBERTY-AIRPORT,07114,2020-03-04,15,0.0,0.0,0.0,48,37
NEWARK-NJ-LIBERTY-AIRPORT,07114,2020-03-05,10,0.0,0.0,0.0,59,44
NEWARK-NJ-LIBERTY-AIRPORT,07114,2020-03-06,9,0.35,0.0,0.0,46,33
NEWARK-NJ-LIBERTY-AIRPORT,07114,2020-03-07,14,0.0,0.0,0.0,43,32
NEWARK-NJ-LIBERTY-AIRPORT,07114,2020-03-08,11,0.0,0.0,0.0,63,33
NEWARK-NJ-LIBERTY-AIRPORT,07114,2020-03-09,14,0.0,0.0,0.0,85,44
NEWARK-NJ-LIBERTY-AIRPORT,07114,2020-03-10,15,0.0,0.0,0.0,70,50
NEWARK-NJ-LIBERTY-AIRPORT,07114,2020-03-11,6,0.0,0.0,0.0,48,37
NEWARK-NJ-LIBERTY-AIRPORT,07114,2020-03-12,6,0.01,0.0,0.0,46,37
NEWARK-NJ-LIBERTY-AIRPORT,07114,2020-03-13,13,0.29,0.0,0.0,73,48
NEWARK-NJ-LIBERTY-AIRPORT,07114,2020-03-14,16,0.0,0.0,0.0,69,50
NEWARK-NJ-LIBERTY-AIRPORT,07114,2020-03-15,8,0.0,0.0,0.0,47,34
NEWARK-NJ-LIBERTY-AIRPORT,07114,2020-03-16,10,0.0,0.0,0.0,39,28
NEWARK-NJ-LIBERTY-AIRPORT,07114,2020-03-17,9,0.26,0.0,0.0,64,49
NEWARK-NJ-LIBERTY-AIRPORT,07114,2020-03-18,7,0.0,0.0,0.0,50,39
NEWARK-NJ-LIBERTY-AIRPORT,07114,2020-03-19,6,0.9,0.0,0.0,42,33
NEWARK-NJ-LIBERTY-AIRPORT,07114,2020-03-20,8,0.0,0.0,0.0,66,38
NEWARK-NJ-LIBERTY-AIRPORT,07114,2020-03-21,11,0.0,0.0,0.0,56,32
NEWARK-NJ-LIBERTY-AIRPORT,07114,2020-03-22,15,0.0,0.0,0.0,52,39
NEWARK-NJ-LIBERTY-AIRPORT,07114,2020-03-23,14,1.22,0.0,0.0,44,40
NEWARK-NJ-LIBERTY-AIRPORT,07114,2020-03-24,11,0.0,0.0,0.0,67,42
NEWARK-NJ-LIBERTY-AIRPORT,07114,2020-03-25,13,0.01,0.0,0.0,52,45
NEWARK-NJ-LIBERTY-AIRPORT,07114,2020-03-26,7,0.0,0.0,0.0,49,28
NEWARK-NJ-LIBERTY-AIRPORT,07114,2020-03-27,11,0.0,0.0,0.0,80,56
NEWARK-NJ-LIBERTY-AIRPORT,07114,2020-03-28,7,0.19,0.0,0.0,43,37
NEWARK-NJ-LIBERTY-AIRPORT,07114,2020-03-29,11,0.01,0.0,0.0,42,39
NEWARK-NJ-LIBERTY-AIRPORT,07114,2020-03-30,5,0.11,0.0,0.0,51,46
NEWARK-NJ-LIBERTY-AIRPORT,07114,2020-03-31,6,0.03,0.0,0.0,49,43
NEWARK-NJ-LIBERTY-AIRPORT,07114,2020-04-01,14,0.0,0.0,0.0,63,43
NEWARK-NJ-LIBERTY-AIRPORT,07114,2020-04-02,21,0.0,0.0,0.0,64,40
NEWARK-NJ-LIBERTY-AIRPORT,07114,2020-04-03,19,0.05,0.0,0.0,60,49
NEWARK-NJ-LIBERTY-AIRPORT,07114,2020-04-04,10,0.0,0.0,0.0,73,55
NEWARK-NJ-LIBERTY-AIRPORT,07114,2020-04-05,2,0.0,0.0,0.0,54,37
NEWARK-NJ-LIBERTY-AIRPORT,07114,2020-04-06,8,0.06,0.0,0.0,63,45
NEWARK-NJ-LIBERTY-AIRPORT,07114,2020-04-07,7,0.0,0.0,0.0,71,54
NEWARK-NJ-LIBERTY-AIRPORT,07114,2020-04-08,10,0.24,0.0,0.0,75,53
NEWARK-NJ-LIBERTY-AIRPORT,07114,2020-04-09,11,0.05,0.0,0.0,54,34
NEWARK-NJ-LIBERTY-AIRPORT,07114,2020-04-10,25,0.0,0.0,0.0,56,41
NEWARK-NJ-LIBERTY-AIRPORT,07114,2020-04-11,15,0.0,0.0,0.0,62,41
NEWARK-NJ-LIBERTY-AIRPORT,07114,2020-04-12,9,0.0,0.0,0.0,70,40
NEWARK-NJ-LIBERTY-AIRPORT,07114,2020-04-13,17,1.64,0.0,0.0,67,53
NEWARK-NJ-LIBERTY-AIRPORT,07114,2020-04-14,12,0.0,0.0,0.0,62,48
NEWARK-NJ-LIBERTY-AIRPORT,07114,2020-04-15,14,0.0,0.0,0.0,63,49
NEWARK-NJ-LIBERTY-AIRPORT,07114,2020-04-16,15,0.0,0.0,0.0,51,37
NEWARK-NJ-LIBERTY-AIRPORT,07114,2020-04-17,8,0.07,0.0,0.0,48,30
NEWARK-NJ-LIBERTY-AIRPORT,07114,2020-04-18,10,0.16,0.0,0.0,48,41
NEWARK-NJ-LIBERTY-AIRPORT,07114,2020-04-19,12,0.0,0.0,0.0,62,32
NEWARK-NJ-LIBERTY-AIRPORT,07114,2020-04-20,11,0.0,0.0,0.0,66,50
NEWARK-NJ-LIBERTY-AIRPORT,07114,2020-04-21,15,0.19,0.0,0.0,71,46
NEWARK-NJ-LIBERTY-AIRPORT,07114,2020-04-22,18,0.0,0.0,0.0,61,42
NEWARK-NJ-LIBERTY-AIRPORT,07114,2020-04-23,5,0.13,0.0,0.0,47,36
NEWARK-NJ-LIBERTY-AIRPORT,07114,2020-04-24,10,0.53,0.0,0.0,44,37
NEWARK-NJ-LIBERTY-AIRPORT,07114,2020-04-25,5,0.0,0.0,0.0,70,45
NEWARK-NJ-LIBERTY-AIRPORT,07114,2020-04-26,10,0.09,0.0,0.0,41,34
NEWARK-NJ-LIBERTY-AIRPORT,07114,2020-04-27,12,0.0,0.0,0.0,43,33
NEWARK-NJ-LIBERTY-AIRPORT,07114,2020-04-28,9,0.0,0.0,0.0,80,47
NEWARK-NJ-LIBERTY-AIRPORT,07114,2020-04-29,10,0.01,0.0,0.0,61,53
NEWARK-NJ-LIBERTY-AIRPORT,07114,2020-04-30,15,0.48,0.0,0.0,61,52
NEWARK-NJ-LIBERTY-AIRPORT,07114,2020-05-01,7,0.1,0.0,0.0,55,43
NEWARK-NJ-LIBERTY-AIRPORT,07114,2020-05-02,16,0.0,0.0,0.0,88,60
NEWARK-NJ-LIBERTY-AIRPORT,07114,2020-05-03,9,0.04,0.0,0.0,71,49
NEWARK-NJ-LIBERTY-AIRPORT,07114,2020-05-04,16,0.0,0.0,0.0,82,54
NEWARK-NJ-LIBERTY-AIRPORT,07114,2020-05-05,10,0.0,0.0,0.0,76,55
NEWARK-NJ-LIBERTY-AIRPORT,07114,2020-05-06,7,0.14,0.0,0.0,51,44
NEWARK-NJ-LIBERTY-AIRPORT,07114,2020-05-07,13,0.0,0.0,0.0,80,51
NEWARK-NJ-LIBERTY-AIRPORT,07114,2020-05-08,8,0.4,0.0,0.0,55,35
NEWARK-NJ-LIBERTY-AIRPORT,07114,2020-05-09,21,0.0,0.0,0.0,50,34
NEWARK-NJ-LIBERTY-AIRPORT,07114,2020-05-10,20,0.0,0.0,0.0,75,41
NEWARK-NJ-LIBERTY-AIRPORT,07114,2020-05-11,13,0.04,0.0,0.0,67,46
NEWARK-NJ-LIBERTY-AIRPORT,07114,2020-05-12,14,0.0,0.0,0.0,60,42
NEWARK-NJ-LIBERTY-AIRPORT,07114,2020-05-13,8,0.0,0.0,0.0,55,34
NEWARK-NJ-LIBERTY-AIRPORT,07114,2020-05-14,5,0.0,0.0,0.0,56,36
NEWARK-NJ-LIBERTY-AIRPORT,07114,2020-05-15,11,0.02,0.0,0.0,74,51
NEWARK-NJ-LIBERTY-AIRPORT,07114,2020-05-16,10,0.0,0.0,0.0,77,59
NEWARK-NJ-LIBERTY-AIRPORT,07114,2020-05-17,10,0.0,0.0,0.0,80,66
NEWARK-NJ-LIBERTY-AIRPORT,07114,2020-05-18,7,0.0,0.0,0.0,59,47
NEWARK-NJ-LIBERTY-AIRPORT,07114,2020-05-19,16,0.0,0.0,0.0,78,63
NEWARK-NJ-LIBERTY-AIRPORT,07114,2020-05-20,12,0.0,0.0,0.0,79,60
NEWARK-NJ-LIBERTY-AIRPORT,07114,2020-05-21,6,0.0,0.0,0.0,73,52
NEWARK-NJ-LIBERTY-AIRPORT,07114,2020-05-22,5,0.03,0.0,0.0,80,54
NEWARK-NJ-LIBERTY-AIRPORT,07114,2020-05-23,9,0.94,0.0,0.0,84,65
NEWARK-NJ-LIBERTY-AIRPORT,07114,2020-05-24,10,0.0,0.0,0.0,79,61
NEWARK-NJ-LIBERTY-AIRPORT,07114,2020-05-25,7,0.0,0.0,0.0,80,62
NEWARK-NJ-LIBERTY-AIRPORT,07114,2020-05-26,4,0.0,0.0,0.0,78,59
NEWARK-NJ-LIBERTY-AIRPORT,07114,2020-05-27,4,0.0,0.0,0.0,71,53
NEWARK-NJ-LIBERTY-AIRPORT,07114,2020-05-28,6,0.0,0.0,0.0,73,58
NEWARK-NJ-LIBERTY-AIRPORT,07114,2020-05-29,8,0.0,0.0,0.0,79,63
NEWARK-NJ-LIBERTY-AIRPORT,07114,2020-05-30,13,0.03,0.0,0.0,92,75
NEWARK-NJ-LIBERTY-AIRPORT,07114,2020-05-31,18,0.0,0.0,0.0,86,65
NEWARK-NJ-LIBERTY-AIRPORT,07114,2020-06-01,10,0.0,0.0,0.0,75,52
NEWARK-NJ-LIBERTY-AIRPORT,07114,2020-06-02,9,0.14,0.0,0.0,74,52
NEWARK-NJ-LIBERTY-AIRPORT,07114,2020-06-03,7,0.68,0.0,0.0,69,50
NEWARK-NJ-LIBERTY-AIRPORT,07114,2020-06-04,5,0.11,0.0,0.0,71,53
NEWARK-NJ-LIBERTY-AIRPORT,07114,2020-06-05,7,0.22,0.0,0.0,94,80
NEWARK-NJ-LIBERTY-AIRPORT,07114,2020-06-06,13,0.0,0.0,0.0,109,85
NEWARK-NJ-LIBERTY-AIRPORT,07114,2020-06-07,14,0.0,0.0,0.0,81,65
NEWARK-NJ-LIBERTY-AIRPORT,07114,2020-06-08,7,0.0,0.0,0.0,74,52
NEWARK-NJ-LIBERTY-AIRPORT,07114,2020-06-09,9,0.0,0.0,0.0,83,56
NEWARK-NJ-LIBERTY-AIRPORT,07114,2020-06-10,8,0.0,0.0,0.0,94,76
NEWARK-NJ-LIBERTY-AIRPORT,07114,2020-06-11,12,0.08,0.0,0.0,85,72
NEWARK-NJ-LIBERTY-AIRPORT,07114,2020-06-12,11,0.0,0.0,0.0,94,75
NEWARK-NJ-LIBERTY-AIRPORT,07114,2020-06-13,12,0.0,0.0,0.0,79,59
NEWARK-NJ-LIBERTY-AIRPORT,07114,2020-06-14,9,0.0,0.0,0.0,74,52
NEWARK-NJ-LIBERTY-AIRPORT,07114,2020-06-15,7,0.0,0.0,0.0,64,48
NEWARK-NJ-LIBERTY-AIRPORT,07114,2020-06-16,10,0.0,0.0,0.0,94,68
NEWARK-NJ-LIBERTY-AIRPORT,07114,2020-06-17,8,0.0,0.0,0.0,77,58
NEWARK-NJ-LIBERTY-AIRPORT,07114,2020-06-18,5,0.01,0.0,0.0,72,60
NEWARK-NJ-LIBERTY-AIRPORT,07114,2020-06-19,6,0.0,0.0,0.0,87,67
NEWARK-NJ-LIBERTY-AIRPORT,07114,2020-06-20,4,0.0,0.0,0.0,70,54
NEWARK-NJ-LIBERTY-AIRPORT,07114,2020-06-21,6,0.0,0.0,0.0,79,62
NEWARK-NJ-LIBERTY-AIRPORT,07114,2020-06-22,9,0.0,0.0,0.0,106,79
NEWARK-NJ-LIBERTY-AIRPORT,07114,2020-06-23,6,0.0,0.0,0.0,76,61
NEWARK-NJ-LIBERTY-AIRPORT,07114,2020-06-24,13,0.0,0.0,0.0,102,87
NEWARK-NJ-LIBERTY-AIRPORT,07114,2020-06-25,5,0.0,0.0,0.0,70,55
NEWARK-NJ-LIBERTY-AIRPORT,07114,2020-06-26,7,0.0,0.0,0.0,79,59
NEWARK-NJ-LIBERTY-AIRPORT,07114,2020-06-27,7,0.09,0.0,0.0,76,60
NEWARK-NJ-LIBERTY-AIRPORT,07114,2020-06-28,7,0.0,0.0,0.0,96,74
NEWARK-NJ-LIBERTY-AIRPORT,07114,2020-06-29,11,0.0,0.0,0.0,105,82
NEWARK-NJ-LIBERTY-AIRPORT,07114,2020-06-30,6,1.41,0.0,0.0,80,67
NEWARK-NJ-LIBERTY-AIRPORT,07114,2020-07-01,6,0.23,0.0,0.0,82,68
NEWARK-NJ-LIBERTY-AIRPORT,07114,2020-07-02,7,0.0,0.0,0.0,95,67
NEWARK-NJ-LIBERTY-AIRPORT,07114,2020-07-03,6,1.01,0.0,0.0,86,66
NEWARK-NJ-LIBERTY-AIRPORT,07114,2020-07-04,8,0.0,0.0,0.0,97,78
NEWARK-NJ-LIBERTY-AIRPORT,07114,2020-07-05,6,0.0,0.0,0.0,82,61
NEWARK-NJ-LIBERTY-AIRPORT,07114,2020-07-06,7,0.66,0.0,0.0,106,79
NEWARK-NJ-LIBERTY-AIRPORT,07114,2020-07-07,8,0.0,0.0,0.0,93,82
NEWARK-NJ-LIBERTY-AIRPORT,07114,2020-07-08,5,0.94,0.0,0.0,71,59
NEWARK-NJ-LIBERTY-AIRPORT,07114,2020-07-09,6,0.0,0.0,0.0,95,79
NEWARK-NJ-LIBERTY-AIRPORT,07114,2020-07-10,10,2.31,0.0,0.0,66,61
NEWARK-NJ-LIBERTY-AIRPORT,07114,2020-07-11,8,0.72,0.0,0.0,70,58
NEWARK-NJ-LIBERTY-AIRPORT,07114,2020-07-12,10,0.0,0.0,0.0,78,61
NEWARK-NJ-LIBERTY-AIRPORT,07114,2020-07-13,9,0.05,0.0,0.0,87,70
NEWARK-NJ-LIBERTY-AIRPORT,07114,2020-07-14,8,0.0,0.0,0.0,70,57
NEWARK-NJ-LIBERTY-AIRPORT,07114,2020-07-15,8,0.0,0.0,0.0,79,66
NEWARK-NJ-LIBERTY-AIRPORT,07114,2020-07-16,9,0.0,0.0,0.0,75,67
NEWARK-NJ-LIBERTY-AIRPORT,07114,2020-07-17,5,0.06,0.0,0.0,74,60
NEWARK-NJ-LIBERTY-AIRPORT,07114,2020-07-18,6,0.0,0.0,0.0,95,72
NEWARK-NJ-LIBERTY-AIRPORT,07114,2020-07-19,10,0.0,0.0,0.0,90,70
NEWARK-NJ-LIBERTY-AIRPORT,07114,2020-07-20,10,0.0,0.0,0.0,93,78
NEWARK-NJ-LIBERTY-AIRPORT,07114,2020-07-21,6,0.0,0.0,0.0,86,72
NEWARK-NJ-LIBERTY-AIRPORT,07114,2020-07-22,7,1.13,0.0,0.0,108,83
NEWARK-NJ-LIBERTY-AIRPORT,07114,2020-07-23,10,0.0,0.0,0.0,95,76
NEWARK-NJ-LIBERTY-AIRPORT,07114,2020-07-24,6,2.29,0.0,0.0,87,77
NEWARK-NJ-LIBERTY-AIRPORT,07114,2020-07-25,5,0.0,0.0,0.0,75,60
NEWARK-NJ-LIBERTY-AIRPORT,07114,2020-07-26,12,0.0,0.0,0.0,99,79
NEWARK-NJ-LIBERTY-AIRPORT,07114,2020-07-27,11,0.0,0.0,0.0,94,74
NEWARK-NJ-LIBERTY-AIRPORT,07114,2020-07-28,12,0.15,0.0,0.0,103,86
NEWARK-NJ-LIBERTY-AIRPORT,07114,2020-07-29,4,0.0,0.0,0.0,77,65
NEWARK-NJ-LIBERTY-AIRPORT,07114,2020-07-30,6,0.0,0.0,0.0,75,59
NEWARK-NJ-LIBERTY-AIRPORT,07114,2020-07-31,5,1.12,0.0,0.0,85,71
NEWARK-NJ-LIBERTY-AIRPORT,07114,2020-08-01,8,0.0,0.0,0.0,97,76
NEWARK-NJ-LIBERTY-AIRPORT,07114,2020-08-02,12,0.0,0.0,0.0,98,81
NEWARK-NJ-LIBERTY-AIRPORT,07114,2020-08-03,9,0.35,0.0,0.0,93,75
NEWARK-NJ-LIBERTY-AIRPORT,07114,2020-08-04,12,0.6,0.0,0.0,68,59
NEWARK-NJ-LIBERTY-AIRPORT,07114,2020-08-05,8,0.0,0.0,0.0,79,65
NEWARK-NJ-LIBERTY-AIRPORT,07114,2020-08-06,6,0.0,0.0,0.0,83,72
NEWARK-NJ-LIBERTY-AIRPORT,07114,2020-08-07,5,0.54,0.0,0.0,72,61
NEWARK-NJ-LIBERTY-AIRPORT,07114,2020-08-08,6,0.0,0.0,0.0,78,64
NEWARK-NJ-LIBERTY-AIRPORT,07114,2020-08-09,6,0.0,0.0,0.0,74,57
NEWARK-NJ-LIBERTY-AIRPORT,07114,2020-08-10,7,0.0,0.0,0.0,88,69
NEWARK-NJ-LIBERTY-AIRPORT,07114,2020-08-11,9,0.05,0.0,0.0,102,87
NEWARK-NJ-LIBERTY-AIRPORT,07114,2020-08-12,5,0.0,0.0,0.0,75,63
NEWARK-NJ-LIBERTY-AIRPORT,07114,2020-08-13,5,0.43,0.0,0.0,70,63
NEWARK-NJ-LIBERTY-AIRPORT,07114,2020-08-14,7,0.0,0.0,0.0,85,70
NEWARK-NJ-LIBERTY-AIRPORT,07114,2020-08-15,11,0.0,0.0,0.0,96,79
NEWARK-NJ-LIBERTY-AIRPORT,07114,2020-08-16,14,0.15,0.0,0.0,79,72
NEWARK-NJ-LIBERTY-AIRPORT,07114,2020-08-17,7,0.01,0.0,0.0,97,74
NEWARK-NJ-LIBERTY-AIRPORT,07114,2020-08-18,7,0.27,0.0,0.0,82,60
NEWARK-NJ-LIBERTY-AIRPORT,07114,2020-08-19,5,0.18,0.0,0.0,68,57
NEWARK-NJ-LIBERTY-AIRPORT,07114,2020-08-20,7,0.0,0.0,0.0,91,67
NEWARK-NJ-LIBERTY-AIRPORT,07114,2020-08-21,9,0.0,0.0,0.0,77,57
NEWARK-NJ-LIBERTY-AIRPORT,07114,2020-08-22,9,0.0,0.0,0.0,86,67
NEWARK-NJ-LIBERTY-AIRPORT,07114,2020-08-23,7,0.0,0.0,0.0,104,84
NEWARK-NJ-LIBERTY-AIRPORT,07114,2020-08-24,7,0.0,0.0,0.0,82,63
NEWARK-NJ-LIBERTY-AIRPORT,07114,2020-08-25,12,0.0,0.0,0.0,86,68
NEWARK-NJ-LIBERTY-AIRPORT,07114,2020-08-26,12,0.0,0.0,0.0,84,69
NEWARK-NJ-LIBERTY-AIRPORT,07114,2020-08-27,9,0.33,0.0,0.0,89,65
NEWARK-NJ-LIBERTY-AIRPORT,07114,2020-08-28,9,0.02,0.0,0.0,85,66
NEWARK-NJ-LIBERTY-AIRPORT,07114,2020-08-29,12,0.0,0.0,0.0,97,82
NEWARK-NJ-LIBERTY-AIRPORT,07114,2020-08-30,11,0.0,0.0,0.0,71,55
NEWARK-NJ-LIBERTY-AIRPORT,07114,2020-08-31,7,0.0,0.0,0.0,80,63
NEWARK-NJ-LIBERTY-AIRPORT,07114,2020-09-01,10,0.14,0.0,0.0,92,79
NEWARK-NJ-LIBERTY-AIRPORT,07114,2020-09-02,7,0.12,0.0,0.0,92,80
NEWARK-NJ-LIBERTY-AIRPORT,07114,2020-09-03,8,0.9,0.0,0.0,94,74
NEWARK-NJ-LIBERTY-AIRPORT,07114,2020-09-04,9,0.0,0.0,0.0,99,76
NEWARK-NJ-LIBERTY-AIRPORT,07114,2020-09-05,7,0.0,0.0,0.0,77,62
NEWARK-NJ-LIBERTY-AIRPORT,07114,2020-09-06,7,0.0,0.0,0.0,77,56
NEWARK-NJ-LIBERTY-AIRPORT,07114,2020-09-07,7,0.0,0.0,0.0,92,75
NEWARK-NJ-LIBERTY-AIRPORT,07114,2020-09-08,4,0.0,0.0,0.0,70,54
NEWARK-NJ-LIBERTY-AIRPORT,07114,2020-09-09,5,0.0,0.0,0.0,98,84
NEWARK-NJ-LIBERTY-AIRPORT,07114,2020-09-10,5,1.4,0.0,0.0,84,73
NEWARK-NJ-LIBERTY-AIRPORT,07114,2020-09-11,9,0.0,0.0,0.0,67,53
NEWARK-NJ-LIBERTY-AIRPORT,07114,2020-09-12,9,0.0,0.0,0.0,77,62
NEWARK-NJ-LIBERTY-AIRPORT,07114,2020-09-13,10,0.0,0.0,0.0,92,73
NEWARK-NJ-LIBERTY-AIRPORT,07114,2020-09-14,16,0.0,0.0,0.0,94,71
NEWARK-NJ-LIBERTY-AIRPORT,07114,2020-09-15,7,0.0,0.0,0.0,62,47
NEWARK-NJ-LIBERTY-AIRPORT,07114,2020-09-16,7,0.0,0.0,0.0,73,52
NEWARK-NJ-LIBERTY-AIRPORT,07114,2020-09-17,5,0.0,0.0,0.0,79,62
NEWARK-NJ-LIBERTY-AIRPORT,07114,2020-09-18,18,0.0,0.0,0.0,80,59
NEWARK-NJ-LIBERTY-AIRPORT,07114,2020-09-19,11,0.0,0.0,0.0,62,46
NEWARK-NJ-LIBERTY-AIRPORT,07114,2020-09-20,13,0.0,0.0,0.0,73,53
NEWARK-NJ-LIBERTY-AIRPORT,07114,2020-09-21,11,0.0,0.0,0.0,79,53
NEWARK-NJ-LIBERTY-AIRPORT,07114,2020-09-22,10,0.0,0.0,0.0,86,53
NEWARK-NJ-LIBERTY-AIRPORT,07114,2020-09-23,10,0.0,0.0,0.0,90,59
NEWARK-NJ-LIBERTY-AIRPORT,07114,2020-09-24,5,0.0,0.0,0.0,68,49
NEWARK-NJ-LIBERTY-AIRPORT,07114,2020-09-25,5,0.0,0.0,0.0,75,54
NEWARK-NJ-LIBERTY-AIRPORT,07114,2020-09-26,5,0.0,0.0,0.0,82,69
NEWARK-NJ-LIBERTY-AIRPORT,07114,2020-09-27,4,0.05,0.0,0.0,76,65
NEWARK-NJ-LIBERTY-AIRPORT,07114,2020-09-28,9,0.02,0.0,0.0,90,77
NEWARK-NJ-LIBERTY-AIRPORT,07114,2020-09-29,6,0.75,0.0,0.0,74,67
NEWARK-NJ-LIBERTY-AIRPORT,07114,2020-09-30,15,0.71,0.0,0.0,71,58
NEWARK-NJ-LIBERTY-AIRPORT,07114,2020-10-01,10,0.02,0.0,0.0,80,61
NEWARK-NJ-LIBERTY-AIRPORT,07114,2020-10-02,9,0.01,0.0,0.0,81,61
NEWARK-NJ-LIBERTY-AIRPORT,07114,2020-10-03,6,0.0,0.0,0.0,60,42
NEWARK-NJ-LIBERTY-AIRPORT,07114,2020-10-04,5,0.0,0.0,0.0,56,38
NEWARK-NJ-LIBERTY-AIRPORT,07114,2020-10-05,6,0.0,0.0,0.0,62,45
NEWARK-NJ-LIBERTY-AIRPORT,07114,2020-10-06,8,0.0,0.0,0.0,82,57
NEWARK-NJ-LIBERTY-AIRPORT,07114,2020-10-07,13,0.0,0.0,0.0,70,51
NEWARK-NJ-LIBERTY-AIRPORT,07114,2020-10-08,11,0.0,0.0,0.0,56,42
NEWARK-NJ-LIBERTY-AIRPORT,07114,2020-10-09,8,0.0,0.0,0.0,73,47
NEWARK-NJ-LIBERTY-AIRPORT,07114,2020-10-10,12,0.0,0.0,0.0,65,49
NEWARK-NJ-LIBERTY-AIRPORT,07114,2020-10-11,9,0.01,0.0,0.0,63,53
NEWARK-NJ-LIBERTY-AIRPORT,07114,2020-10-12,14,0.81,0.0,0.0,60,52
NEWARK-NJ-LIBERTY-AIRPORT,07114,2020-10-13,15,0.29,0.0,0.0,70,61
NEWARK-NJ-LIBERTY-AIRPORT,07114,2020-10-14,8,0.0,0.0,0.0,75,52
NEWARK-NJ-LIBERTY-AIRPORT,07114,2020-10-15,6,0.0,0.0,0.0,62,41
NEWARK-NJ-LIBERTY-AIRPORT,07114,2020-10-16,9,0.93,0.0,0.0,61,47
NEWARK-NJ-LIBERTY-AIRPORT,07114,2020-10-17,7,0.0,0.0,0.0,55,39
NEWARK-NJ-LIBERTY-AIRPORT,07114,2020-10-18,6,0.0,0.0,0.0,53,32
NEWARK-NJ-LIBERTY-AIRPORT,07114,2020-10-19,6,0.0,0.0,0.0,60,43
NEWARK-NJ-LIBERTY-AIRPORT,07114,2020-10-20,2,0.02,0.0,0.0,58,47
NEWARK-NJ-LIBERTY-AIRPORT,07114,2020-10-21,4,0.0,0.0,0.0,79,68
NEWARK-NJ-LIBERTY-AIRPORT,07114,2020-10-22,4,0.0,0.0,0.0,83,76
NEWARK-NJ-LIBERTY-AIRPORT,07114,2020-10-23,3,0.0,0.0,0.0,55,50
NEWARK-NJ-LIBERTY-AIRPORT,07114,2020-10-24,9,0.0,0.0,0.0,69,45
NEWARK-NJ-LIBERTY-AIRPORT,07114,2020-10-25,10,0.04,0.0,0.0,56,47
NEWARK-NJ-LIBERTY-AIRPORT,07114,2020-10-26,7,0.07,0.0,0.0,59,48
NEWARK-NJ-LIBERTY-AIRPORT,07114,2020-10-27,5,0.0,0.0,0.0,49,43
NEWARK-NJ-LIBERTY-AIRPORT,07114,2020-10-28,6,0.09,0.0,0.0,68,58
NEWARK-NJ-LIBERTY-AIRPORT,07114,2020-10-29,11,1.48,0.0,0.0,52,44
NEWARK-NJ-LIBERTY-AIRPORT,07114,2020-10-30,13,0.64,0.0,0.0,43,33
NEWARK-NJ-LIBERTY-AIRPORT,07114,2020-10-31,6,0.0,0.0,0.0,50,34
NEWARK-NJ-LIBERTY-AIRPORT,07114,2020-11-01,10,0.34,0.0,0.0,51,35
NEWARK-NJ-LIBERTY-AIRPORT,07114,2020-11-02,19,0.0,0.0,0.0,53,43
NEWARK-NJ-LIBERTY-AIRPORT,07114,2020-11-03,12,0.0,0.0,0.0,50,34
NEWARK-NJ-LIBERTY-AIRPORT,07114,2020-11-04,5,0.0,0.0,0.0,53,30
NEWARK-NJ-LIBERTY-AIRPORT,07114,2020-11-05,6,0.0,0.0,0.0,70,45
NEWARK-NJ-LIBERTY-AIRPORT,07114,2020-11-06,8,0.0,0.0,0.0,74,49
NEWARK-NJ-LIBERTY-AIRPORT,07114,2020-11-07,5,0.0,0.0,0.0,66,40
NEWARK-NJ-LIBERTY-AIRPORT,07114,2020-11-08,2,0.0,0.0,0.0,86,52
NEWARK-NJ-LIBERTY-AIRPORT,07114,2020-11-09,3,0.0,0.0,0.0,89,55
NEWARK-NJ-LIBERTY-AIRPORT,07114,2020-11-10,8,0.0,0.0,0.0,77,52
NEWARK-NJ-LIBERTY-AIRPORT,07114,2020-11-11,7,0.62,0.0,0.0,72,60
NEWARK-NJ-LIBERTY-AIRPORT,07114,2020-11-12,12,0.17,0.0,0.0,73,52
NEWARK-NJ-LIBERTY-AIRPORT,07114,2020-11-13,6,0.1,0.0,0.0,43,35
NEWARK-NJ-LIBERTY-AIRPORT,07114,2020-11-14,7,0.0,0.0,0.0,45,33
NEWARK-NJ-LIBERTY-AIRPORT,07114,2020-11-15,13,0.07,0.0,0.0,64,33
NEWARK-NJ-LIBERTY-AIRPORT,07114,2020-11-16,13,0.0,0.0,0.0,54,40
NEWARK-NJ-LIBERTY-AIRPORT,07114,2020-11-17,8,0.0,0.0,0.0,40,27
NEWARK-NJ-LIBERTY-AIRPORT,07114,2020-11-18,14,0.0,0.0,0.0,38,29
NEWARK-NJ-LIBERTY-AIRPORT,07114,2020-11-19,12,0.0,0.0,0.0,59,31
NEWARK-NJ-LIBERTY-AIRPORT,07114,2020-11-20,11,0.0,0.0,0.0,65,41
NEWARK-NJ-LIBERTY-AIRPORT,07114,2020-11-21,8,0.0,0.0,0.0,56,38
NEWARK-NJ-LIBERTY-AIRPORT,07114,2020-11-22,12,0.0,0.0,0.0,65,48
NEWARK-NJ-LIBERTY-AIRPORT,07114,2020-11-23,11,0.4,0.0,0.0,51,36
NEWARK-NJ-LIBERTY-AIRPORT,07114,2020-11-24,7,0.0,0.0,0.0,44,35
NEWARK-NJ-LIBERTY-AIRPORT,07114,2020-11-25,5,0.0,0.0,0.0,48,38
NEWARK-NJ-LIBERTY-AIRPORT,07114,2020-11-26,8,0.75,0.0,0.0,77,56
NEWARK-NJ-LIBERTY-AIRPORT,07114,2020-11-27,4,0.0,0.0,0.0,58,41
NEWARK-NJ-LIBERTY-AIRPORT,07114,2020-11-28,7,0.0,0.0,0.0,56,40
NEWARK-NJ-LIBERTY-AIRPORT,07114,2020-11-29,5,0.0,0.0,0.0,61,39
NEWARK-NJ-LIBERTY-AIRPORT,07114,2020-11-30,13,1.29,0.0,0.0,70,46
NEWARK-NJ-LIBERTY-AIRPORT,07114,2020-12-01,15,0.0,0.0,0.0,59,37
NEWARK-NJ-LIBERTY-AIRPORT,07114,2020-12-02,15,0.0,0.0,0.0,43,33
NEWARK-NJ-LIBERTY-AIRPORT,07114,2020-12-03,12,0.0,0.0,0.0,60,36
NEWARK-NJ-LIBERTY-AIRPORT,07114,2020-12-04,7,0.1,0.0,0.0,43,32
NEWARK-NJ-LIBERTY-AIRPORT,07114,2020-12-05,19,1.11,0.0,0.0,55,43
NEWARK-NJ-LIBERTY-AIRPORT,07114,2020-12-06,18,0.0,0.0,0.0,49,37
NEWARK-NJ-LIBERTY-AIRPORT,07114,2020-12-07,9,0.0,0.0,0.0,49,30
NEWARK-NJ-LIBERTY-AIRPORT,07114,2020-12-08,13,0.0,0.0,0.0,44,34
NEWARK-NJ-LIBERTY-AIRPORT,07114,2020-12-09,11,0.07,0.56,0.0,42,30
NEWARK-NJ-LIBERTY-AIRPORT,07114,2020-12-10,9,0.0,0.0,0.0,46,31
NEWARK-NJ-LIBERTY-AIRPORT,07114,2020-12-11,4,0.0,0.0,0.0,48,27
NEWARK-NJ-LIBERTY-AIRPORT,07114,2020-12-12,4,0.0,0.0,0.0,62,46
NEWARK-NJ-LIBERTY-AIRPORT,07114,2020-12-13,8,0.0,0.0,0.0,62,42
NEWARK-NJ-LIBERTY-AIRPORT,07114,2020-12-14,8,0.27,0.0,0.0,44,33
NEWARK-NJ-LIBERTY-AIRPORT,07114,2020-12-15,14,0.0,0.0,0.0,48,32
NEWARK-NJ-LIBERTY-AIRPORT,07114,2020-12-16,14,0.33,4.67,0.0,27,20
NEWARK-NJ-LIBERTY-AIRPORT,07114,2020-12-17,17,0.56,5.72,10.67,32,23
NEWARK-NJ-LIBERTY-AIRPORT,07114,2020-12-18,9,0.0,0.0,6.89,32,19
NEWARK-NJ-LIBERTY-AIRPORT,07114,2020-12-19,6,0.0,0.0,8.09,36,18
NEWARK-NJ-LIBERTY-AIRPORT,07114,2020-12-20,1,0.01,0.0,7.24,39,29
NEWARK-NJ-LIBERTY-AIRPORT,07114,2020-12-21,6,0.0,0.0,6.12,56,43
NEWARK-NJ-LIBERTY-AIRPORT,07114,2020-12-22,11,0.0,0.0,1.98,47,35
NEWARK-NJ-LIBERTY-AIRPORT,07114,2020-12-23,7,0.0,0.0,0.0,42,33
NEWARK-NJ-LIBERTY-AIRPORT,07114,2020-12-24,10,0.35,0.0,0.0,49,30
NEWARK-NJ-LIBERTY-AIRPORT,07114,2020-12-25,19,0.67,0.0,0.0,63,28
NEWARK-NJ-LIBERTY-AIRPORT,07114,2020-12-26,19,0.0,0.0,0.0,38,28
NEWARK-NJ-LIBERTY-AIRPORT,07114,2020-12-27,5,0.0,0.0,0.0,33,19
NEWARK-NJ-LIBERTY-AIRPORT,07114,2020-12-28,9,0.0,0.0,0.0,61,38
NEWARK-NJ-LIBERTY-AIRPORT,07114,2020-12-29,11,0.0,0.0,0.0,37,26
NEWARK-NJ-LIBERTY-AIRPORT,07114,2020-12-30,9,0.0,0.0,0.0,47,29
NEWARK-NJ-LIBERTY-AIRPORT,07114,2020-12-31,12,0.72,0.0,0.0,58,38
